[{
    "jsonClass": "org.apache.atlas.typesystem.json.InstanceSerialization$_Reference",
    "id": {
        "jsonClass": "org.apache.atlas.typesystem.json.InstanceSerialization$_Id",
        "version": 0,
        "typeName": "MyType1"
    },
    "typeName": "MyType1",
  "traitNames": ["Month"],                                                                                                                                                     
  "traits": {"Month":{"jsonClass":"org.apache.atlas.typesystem.json.InstanceSerialization$_Struct","typeName": "Month","values": {"name":"October"}}}, 
    "values": {
    "Total": 128721,
    "qualifiedName" : "Bill-20",
    "owner":"SHUBHAM",
    "name" : "Bill-18"
    }
},

{                                                                                                                                                                       
    "jsonClass": "org.apache.atlas.typesystem.json.InstanceSerialization$_Reference",                                                                                   
    "id": {                                                                                                                                                             
        "jsonClass": "org.apache.atlas.typesystem.json.InstanceSerialization$_Id",                                                                                      
        "version": 0,                                                                                                                                                   
        "typeName": "MyType1"                                                                                                                                           
    },                                                                                                                                                                  
    "typeName": "MyType1",                                                                                                                                              
    "values": {                                                                                                                                                         
    "Total": 1123,                                                                                                                                                       
    "qualifiedName" : "Bill-21",                                                                                                                                         
    "owner":"SHUBHAM",                                                                                                                                                  
    "name" : "Bill-19"                                                                                                                                                   
    },                                                                                                                                                                  
  "traitNames": [],                                                                                                                                                     
  "traits": {}                                                                                                                                                          
}]
