[{
    "jsonClass": "org.apache.atlas.typesystem.json.InstanceSerialization$_Reference",
    "id": {
        "jsonClass": "org.apache.atlas.typesystem.json.InstanceSerialization$_Id",
        "version": 0,
        "typeName": "MyType1"
    },
    "typeName": "MyType1",
    "values": {
    "Total": 128721,
    "qualifiedName" : "Bill-14",
    "owner":"SHUBHAM",
    "name" : "Bill-14"
    },
  "traitNames": [],
  "traits": {}
},

{                                                                                                                                                                       
    "jsonClass": "org.apache.atlas.typesystem.json.InstanceSerialization$_Reference",                                                                                   
    "id": {                                                                                                                                                             
        "jsonClass": "org.apache.atlas.typesystem.json.InstanceSerialization$_Id",                                                                                      
        "version": 0,                                                                                                                                                   
        "typeName": "MyType1"                                                                                                                                           
    },                                                                                                                                                                  
    "typeName": "MyType1",                                                                                                                                              
    "values": {                                                                                                                                                         
    "Total": 1123,                                                                                                                                                       
    "qualifiedName" : "Bill-15",                                                                                                                                         
    "owner":"SHUBHAM",                                                                                                                                                  
    "name" : "Bill-15"                                                                                                                                                   
    },                                                                                                                                                                  
  "traitNames": [],                                                                                                                                                     
  "traits": {}                                                                                                                                                          
}]
