{
    "enumTypes": [],
    "structTypes": [],
    "traitTypes": [],
    "classTypes": [{
	"superTypes":["DataSet"],
        "hierarchicalMetaTypeName": "org.apache.atlas.typesystem.types.ClassType",
        "typeName": "Food_Bills",
        "typeDescription": null,
        "attributeDefinitions": [{
            "name": "Total",
            "dataTypeName": "int",
            "multiplicity": "required",
            "isComposite": false,
            "isUnique": false,
            "isIndexable": true,
            "reverseAttributeName": null
        },
       {                                                                                                                                      
            "name": "Currency",                                                                                                                                            	    "dataTypeName": "string",                                                                                                                                      	    "multiplicity": "required",                                                                                                                                 
            "isComposite": false,                                                                                                                                       
            "isUnique": false,                                                                                                                                          
            "isIndexable": true,                                                                                                                                        
            "reverseAttributeName": null                                                                                                                                
        },
        {                                                                                                                                      
            "name": "Date",                                                                                                                                            
            "dataTypeName": "string",                                                                                                                                               "multiplicity": "required",                                                                                                                                 
            "isComposite": false,                                                                                                                                       
            "isUnique": false,                                                                                                                                          
            "isIndexable": true,                                                                                                                                        
            "reverseAttributeName": null                                                                                                                                
        }]
    }]
}
