{
    "enumTypes": [],
    "structTypes": [],
    "traitTypes": [],
    "classTypes": [{
	"superTypes":["DataSet"],
        "hierarchicalMetaTypeName": "org.apache.atlas.typesystem.types.ClassType",
        "typeName": "MyType1",
        "typeDescription": null,
        "attributeDefinitions": [{
            "name": "Total",
            "dataTypeName": "int",
            "multiplicity": "required",
            "isComposite": false,
            "isUnique": false,
            "isIndexable": true,
            "reverseAttributeName": null
        }]
    }]
}
